Q3-1,00541,FENTON FORD,CAMDEN,NY,7:00 AM,7:00 AM,13316
Q3-2,00693,ROMANO FORD,FAYETTEVILLE,NY,7:00 AM,7:00 AM,13066
Q3-3,10207,HERITAGE LINCOLN,SYRACUSE,NY,7:00 AM,7:00 AM,13204
Q3-4,00536,DAVE PIRRO FD INC,SKANEATELES,NY,8:30 AM,8:30 AM,13152
Q3-5,11202,BURDICK LINCOLN,CICERO,NY,7:30 AM,7:30 AM,13039
Q3-6,00507,BURDICK FORD INC,CENTRAL SQ,NY,7:00 AM,7:00 AM,13036
Q3-7,04059,F.X.CAPRARA FORD,PULASKI,NY,7:00 AM,7:00 AM,13142
Q3-8,00537,FUCCILLO FORD INC,ADAMS,NY,7:00 AM,7:00 AM,13605
Q3-9,00548,CASKINETTE'S LOFINK,CARTHAGE,NY,7:30 AM,7:30 AM,13619
Q3-10,00637,NORTZ & VIRKLERIN,LOWVILLE,NY,9:00 AM,9:00 AM,13367
Q3-11,07464,COOPER FORD,RICHFIELD SP,NY,7:00 AM,7:00 AM,13439
Q3-12,01397,ROYAL FORD MOTORS,COOPERSTOWN,NY,7:00 AM,7:00 AM,13326
Q3-13,07347,BOKAN FORD,SAINT ALBANS,VT,8:00 AM,8:00 AM,05478
Q3-14,09058,E J BARRETTE-SONS I,SWANTON,VT,9:00 AM,9:00 AM,05488
Q3-15,00716,RILEY FORD INC,CHAZY,NY,10:00 AM,10:00 AM,12921
Q3-16,04097,PLATTSBURGH FORD INC,PLATTSBURGH,NY,9:00 AM,9:00 AM,12901
Q3-17,00575,EGGLEFIELD BROS INC,ELIZABETHTWN,NY,8:00 AM,8:00 AM,12932
Q3-18,03611,"WARREN FORD, INC",WARRENSBURG,NY,7:00 AM,7:00 AM,12885
Q3-19,09004,LAMOILLE VALLEY FORD,HARDWICK,VT,7:00 AM,7:00 AM,05843
Q3-20,06029,"TWIN STATE FORD, INC",ST JOHNSBURY,VT,7:00 AM,7:00 AM,05819
Q3-21,09002,HAYES FORD INC,NEWPORT,VT,8:00 AM,8:00 AM,05855
Q3-22,09028,G STONE MOTORS INC,MIDDLEBURY,VT,8:00 AM,8:00 AM,05753
Q3-23,09902,FORMULA FORD LINCOLN,RUTLAND,VT,9:00 AM,9:00 AM,05701
Q3-24,08868,JOHN C STEWART-SON,CUTTINGSVILL,VT,8:00 AM,8:00 AM,05738
Q3-25,09056,TED GREEN FD INC,STOCKBRIDGE,VT,7:00 AM,7:00 AM,05772
Q3-26,09022,GATEWAY MTRS INC,WHITE RVR JC,VT,7:00 AM,7:00 AM,05001
Q3-27,04830,LEBANON FORD,LEBANON,NH,7:00 AM,7:00 AM,03766
Q3-28,06595,FAITH'S FORD,WESTMINSTER,VT,7:00 AM,7:00 AM,05158
Q3-29,09231,FAITH'S FORD,BRATTLEBORO,VT,7:00 AM,7:00 AM,05301
Q3-30,09655,MONADNOCK FORD,SWANZEY,NH,7:00 AM,7:00 AM,03446
Q3-31,01660,HILLSBORO FORD INC,HILLSBORO,NH,8:00 AM,8:00 AM,03244
Q3-32,08902,AUTOSERV OF TILTON,TILTON,NH,7:00 AM,7:00 AM,03276
Q3-33,08956,MEREDITH MOTOR CO,PLYMOUTH,NH,7:30 AM,7:30 AM,03264
Q3-34,09172,MCFARLAND FD SLS INC,EXETER,NH,7:00 AM,7:00 AM,03833
Q3-35,08812,HAMPTON FD INC,N HAMPTON,NH,7:00 AM,7:00 AM,03862
Q3-36,02803,PORTSMOUTH USED CAR,PORTSMOUTH,NH,7:00 AM,7:00 AM,03801
Q3-37,08986,BILL DUBE FORD,DOVER,NH,8:00 AM,8:00 AM,03820
Q3-38,01517,ROCHESTER FORD,ROCHESTER,NH,7:00 AM,7:00 AM,03867
Q3-39,09587,KEY FORD OF YORK,YORK,ME,7:00 AM,7:00 AM,03909
Q3-40,01626,ARUNDEL FORD,ARUNDEL,ME,7:30 AM,7:30 AM,04046
Q3-41,06943,PRIME FORD,SACO,ME,7:00 AM,7:00 AM,04072
Q3-42,09017,MACDONALD MOTORS INC,CNTR CONWAY,NH,8:30 AM,8:30 AM,03813
Q3-43,13128,STATE MOTORS INC,MANCHESTER,NH,7:00 AM,7:00 AM,03104
Q3-44,07115,CASCO BAY FORD,YARMOUTH,ME,7:00 AM,7:00 AM,04096
Q3-45,05411,RIPLEY/FLETCHER FORD,SOUTH PARIS,ME,8:00 AM,8:00 AM,04281
Q3-46,02837,FARMINGTON FORD INC,FARMINGTON,ME,9:00 AM,9:00 AM,04938
Q3-47,07492,HIGHT FORD,SKOWHEGAN,ME,7:30 AM,7:30 AM,04976
Q3-48,04672,TUCKER FORD,BRUNSWICK,ME,7:00 AM,7:00 AM,04011
Q3-50,08803,WISCASSET FORD,WISCASSET,ME,7:00 AM,7:00 AM,04578
Q3-51,01640,"VARNEY FORD, INC",NEWPORT,ME,8:30 AM,8:30 AM,04953
Q3-52,08886,WHITED FD TRK CNTR,BANGOR,ME,7:00 AM,7:00 AM,04401
Q3-53,20590,LATHAM MOTORS INC,LATHAM,NY,7:00 AM,7:00 AM,12110
Q3-54,20524,"CARMODY FORD, INC",GREENWICH,NY,7:00 AM,7:00 AM,12834
Q3-55,20551,NEW COUNTRY FORD INC,SARATOGA SPG,NY,7:00 AM,7:00 AM,12866
Q3-56,09878,HERB CHAMBERS FORD,WESTBOROUGH,MA,7:00 AM,7:00 AM,01581
Q3-57,11361,HERB CHAMBERS LINC,NORWOOD,MA,7:00 AM,7:00 AM,02062
Q3-58,13184,CHAMPION LINCOLN,BROCKTON,MA,7:00 AM,7:00 AM,02301
Q3-59,07252,CROSSROADS FORD,RAVENA,NY,8:00 AM,8:00 AM,12143
Q3-60,01093,EMPIRE FORD,NEW BEDFORD,MA,8:00 AM,8:00 AM,02746
Q3-61,00639,COLONIAL FORD,MARLBOROUGH,MA,7:00 AM,7:00 AM,01752
Q3-62,08952,IPSWICK FORD INC,IPSWICH,MA,8:00 AM,8:00 AM,01938
Q3-63,09107,MITCHELL SELIG FORD,WINDSOR,CT,7:00 AM,7:00 AM,06095
Q3-64,00618,BROWNS FD JOHNSTOWN,JOHNSTOWN,NY,7:00 AM,7:00 AM,12095
Q3-65,02728,BROWN'S FORD,AMSTERDAM,NY,7:00 AM,7:00 AM,12010
Q3-66,03005,FUCCILLO AUTOPLEX,NELLISTON,NY,7:00 AM,7:00 AM,13410
Q3-67,08852,VACHON FORD INC,BROOKLYN,CT,7:00 AM,7:00 AM,06234
Q3-68,06754,"CHATHAM FORD, INC",CHATHAM,MA,8:00 AM,8:00 AM,02633
Q3-69,00520,BAILEY MTR CO LTD,MALONE,NY,9:00 AM,9:00 AM,12953
QA-1,00719,KOERNER FD/SYRACUSE,SYRACUSE,NY,7:00 AM,7:00 AM,13204
QA-2,01095,DON'S FORD,UTICA,NY,5:00 AM,5:00 AM,13502
QA-3,00671,NYE FORD,ONEIDA,NY,5:00 AM,5:00 AM,13421
QA-4,09559,DAVIDSON FORD,WATERTOWN,NY,7:30 AM,7:30 AM,13601
QA-5,05767,DAVIDSON FORD,LIVERPOOL,NY,7:30 AM,7:30 AM,13090
QA-6,08676,STEET PONTE FORD,YORKVILLE,NY,8:00 AM,8:00 AM,13495
QA-7,00037,YANKEE FORD,S PORTLAND,ME,7:00 AM,7:00 AM,04106
QA-8,09589,QUIRK FORD AUGUSTA,HALLOWELL,ME,5:00 AM,5:00 AM,04347
QA-9,09143,ROWE FORD LINCOLN,WESTBROOK,ME,7:00 AM,7:00 AM,04092
QA-10,07251,RAY HASKELL FORD/LI,OAKLAND,ME,7:00 AM,7:00 AM,04963
QA-11,09044,DARLINGS BANGOR FORD,BANGOR,ME,7:00 AM,7:00 AM,04401
QA-12,08807,ROWE FORD AUBURN,AUBURN,ME,8:00 AM,8:00 AM,04210
QA-13,08864,FORMULA FORD INC,MONTPELIER,VT,7:30 AM,7:30 AM,05601
QA-14,09176,HERITAGE FORD,S BURLINGTON,VT,6:30 AM,6:30 AM,05403
QA-15,08367,FORD OF GREENFIELD,GREENFIELD,MA,7:00 AM,7:00 AM,01301
QA-16,07860,FORD OF NORTHAMPTON,NORTHAMPTON,MA,7:00 AM,7:00 AM,01060
QA-17,08862,PORTSMOUTH FORD,PORTSMOUTH,NH,7:30 AM,7:30 AM,03801
QB-1,09082,PLACE MOTORS INC,WEBSTER,MA,8:00 AM,8:00 AM,01570
QB-2,04377,IMPERIAL FORD,MENDON,MA,5:00 AM,5:00 AM,01756
QB-3,09131,MUZI MOTORS INC,NEDHAM HTS,MA,7:00 AM,7:00 AM,02494
QB-4,08828,HERB CHAMBERS FORD,BRAINTREE,MA,7:00 AM,7:00 AM,02184
QB-5,08990,QUIRK FORD,QUINCY,MA,6:00 AM,6:00 AM,02169
QB-6,08457,QUIRK FORD,QUINCY,MA,4:00 AM,4:00 AM,02169
QB-7,02966,"WATERTOWN FORD, INC",WALTHAM,MA,7:00 AM,7:00 AM,02453
QB-8,20657,METRO FD SLS INC,SCHENECTADY,NY,5:00 AM,5:00 AM,12304
QB-9,03990,"MORRIS FORD, INC",BURNT HILLS,NY,7:00 AM,7:00 AM,12027
QB-10,03608,NEMER FORD,QUEENSBURY,NY,7:00 AM,7:00 AM,12804
QB-11,20700,JACK BYRNE FORD,MECHANICVLLE,NY,8:00 AM,8:00 AM,12118
QB-12,07554,DEPAULA FORD,ALBANY,NY,5:00 AM,5:00 AM,12206
QB-13,07392,SALEM FORD,SALEM,NH,7:00 AM,7:00 AM,03079
QB-14,08977,FORD OF LONDONDERRY,LONDONDERRY,NH,7:00 AM,7:00 AM,03053
QB-15,08932,"AUTOFAIR FORD, LP",MANCHESTER,NH,5:00 AM,5:00 AM,03103
QB-16,08860,GRAPPONE FORD,BOW,NH,4:30 AM,4:30 AM,03304
QB-17,08927,ROBERT H IRWIN MTR,LACONIA,NH,7:00 AM,7:00 AM,03246
QC-1,04081,FAMILY FORD ENFIELD,ENFIELD,CT,7:00 AM,7:00 AM,06082
QC-2,08892,LAMOUREUX FD INC,E BROOKFIELD,MA,7:00 AM,7:00 AM,01515
QC-3,08916,SUNNYSIDE MTR CO IN,HOLDEN,MA,7:00 AM,7:00 AM,01520
QC-4,08933,ACTON FORD INC,ACTON,MA,5:00 AM,5:00 AM,01720
QC-5,03090,BEST FORD LINCOLN,NASHUA,NH,7:00 AM,7:00 AM,03063
QC-6,09175,TOWNSEND SLS & SVC,TOWNSEND,MA,8:30 AM,8:30 AM,01469
QC-7,08823,GERVAIS INC,AYER,MA,7:00 AM,7:00 AM,01432
QC-8,13100,GERVAIL LINCOLN INC,LOWELL,MA,7:00 AM,7:00 AM,01851
QC-9,08988,DRUM HILL FD INC,LOWELL,MA,7:00 AM,7:00 AM,01851
QC-10,09100,MATHIEU FORD SLS,WINCHENDON,MA,9:00 AM,9:00 AM,01475
QD-1,08751,FRANKLIN FORD,FRANKLIN,MA,7:00 AM,7:00 AM,02038
QD-2,01956,RODMAN FORD SALES,FOXBORO,MA,7:00 AM,7:00 AM,02035
QD-3,08890,RODMAN FORD SLS INC,FOXBORO,MA,7:00 AM,7:00 AM,02035
QD-4,08915,MINUTEMAN TRUCKS INC,WALPOLE,MA,7:00 AM,7:00 AM,02081
QD-5,09045,JANNELL MOTORS INC,HANOVER,MA,7:00 AM,7:00 AM,02339
QD-6,03034,COLONIAL FORD INC,PLYMOUTH,MA,7:00 AM,7:00 AM,02360
QD-7,07616,GRIECO FORD,RAYNHAM,MA,7:00 AM,7:00 AM,02767
QD-8,07650,BAYSTATE FORD INC,SOUTH EASTON,MA,5:00 AM,5:00 AM,02375
QD-9,08926,FRAMINGHAM FORD,FRAMINGHAM,MA,7:00 AM,7:00 AM,01702
QD-10,04954,TASCA FORD LINCOLN,CRANSTON,RI,3:00 AM,3:00 AM,02920
QD-15,07422,TASCA FORD,CRANSTON,RI,3:00 AM,3:00 AM,02920
QD-18,07416,TASCA FORD,SEEKONK,MA,7:00 AM,7:00 AM,02771
QD-20,09338,TASCA FORD-LINCOLN,CRANSTON,RI,3:00 AM,3:00 AM,02920
QD-21,09015,PUTNAM FORD,PUTNAM,CT,8:00 AM,8:00 AM,06260
QE-1,06152,AUTOFAIR FORD,HAVERHILL,MA,5:00 AM,5:00 AM,01831
QE-2,09137,SARAT FORD LINCOLN,AGAWAM,MA,5:00 AM,5:00 AM,01001
QE-3,02610,WALL'S FORD INC,SALISBURY,MA,7:00 AM,7:00 AM,01952
QE-4,08898,MARCOTTE FD SLS INC,HOLYOKE,MA,3:30 AM,3:30 AM,01041
QE-5,02854,BALISE FD WILBRAHAM,WILBRAHAM,MA,7:00 AM,7:00 AM,01095
QE-6,08811,SENTRY FORD-LINC,MEDFORD,MA,7:00 AM,7:00 AM,02155
QE-7,09130,JACK MADDEN SLS INC,NORWOOD,MA,4:00 AM,4:00 AM,02062
QE-9,01501,SENTRY FORD LINCOLN,MEDFORD,MA,7:00 AM,7:00 AM,02155
QF-1,03646,LITCHFIELD FORD,LITCHFIELD,CT,7:00 AM,7:00 AM,06759
QF-2,03603,COLONIAL FORD,DANBURY,CT,5:00 AM,5:00 AM,06810
QF-3,03713,BREWSTER FD SLS INC,BREWSTER,NY,7:00 AM,7:00 AM,10509
QF-4,03926,PARK FORD OF MAHOPAC,MAHOPAC,NY,7:00 AM,7:00 AM,10541
QF-5,01004,HEALEY BROTHERS FORD,BEACON,NY,7:00 AM,7:00 AM,12508
QF-6,06170,FRIENDLY FORD,POUGHKEEPSIE,NY,7:00 AM,7:00 AM,12601
QF-7,05813,ROMEO FORD,KINGSTON,NY,7:00 AM,7:00 AM,12401
QF-8,03043,RHINEBECK FORD INC,RHINEBACK,NY,7:00 AM,7:00 AM,12572
QF-9,20616,R C LACY INC,CATSKILL,NY,9:00 AM,9:00 AM,12414
QG-1,08896,MONACO/SONS MTR SLS,GLASTONBURY,CT,5:00 AM,5:00 AM,06033
QG-2,08850,RAY SERAPHIN FD INC,ROCKVILLE,CT,8:00 AM,8:00 AM,06066
QG-3,08910,COLUMBIA FORD,COLUMBIA,CT,5:00 AM,5:00 AM,06237
QG-4,09453,GIRARD FORD,NORWICH,CT,7:00 AM,7:00 AM,06360
QG-5,03752,WHALING CITY FORD,NEW LONDON,CT,7:00 AM,7:00 AM,06320
QG-6,09016,"VALENTI FORD, INC",MYSTIC,CT,8:00 AM,8:00 AM,06355
QG-7,08844,SAYBROOK FD INC,OLD SAYBROOK,CT,7:00 AM,7:00 AM,06475
QG-8,03617,HAMMONASSET FORD,MADISON,CT,8:00 AM,8:00 AM,06443
QH-1,04005,FLOOD FORD E GRNWICH,E GREENWICH,RI,5:00 AM,5:00 AM,02818
QH-2,05203,PRIME FORD-AUBURN,AUBURN,MA,7:00 AM,7:00 AM,01501
QH-3,09088,FLOOD FORD LINCOLN,NARRAGANSETT,RI,7:00 AM,7:00 AM,02882
QH-4,10844,SENTRY WEST INC,SHREWSBURY,MA,7:00 AM,7:00 AM,01545
QH-5,04048,FIRST FORD,FALL RIVER,MA,7:00 AM,7:00 AM,02721
QH-6,08888,YORK FORD INC,SAUGUS,MA,7:00 AM,7:00 AM,01906
QH-7,09075,WAREHAM FORD INC,WAREHAM,MA,7:00 AM,7:00 AM,02571
QH-8,08873,DANVERS MOTOR CO INC,DANVERS,MA,7:00 AM,7:00 AM,01923
QH-9,01627,BALISE FORD,HYANNIS,MA,8:00 AM,8:00 AM,02601
QH-10,08063,"KELLY FORD, INC",BEVERLY,MA,7:30 AM,7:30 AM,01915
QH-11,09054,STONEHAM MTR CO INC,STONEHAM,MA,7:00 AM,7:00 AM,02180
QH-12,09102,BONNELL MOTORS INC,WINCHESTER,MA,8:00 AM,8:00 AM,01890
QJ-1,04260,CROWLEY FORD LINCOLN,PLAINVILLE,CT,7:00 AM,7:00 AM,06062
QJ-2,13423,FAMILY FORD LINCOLN,WATERTOWN,CT,8:00 AM,8:00 AM,06795
QJ-3,03691,BOB THOMAS FORD INC,HAMDEN,CT,7:00 AM,7:00 AM,06517
QJ-4,03874,STEVENS FORD LINCOLN,MILFORD,CT,7:00 AM,7:00 AM,06460
QJ-5,03640,GABRIELLI FORD,MILFORD,CT,8:00 AM,8:00 AM,06460
QJ-6,03658,DOWLING FORD INC,CHESHIRE,CT,6:30 AM,6:30 AM,06410
QJ-7,09195,HOFFMAN FORD INC,E HARTFORD,CT,6:00 AM,6:00 AM,06108
QJ-8,07400,FORD OF BRANFORD,BRANFORD,CT,6:00 AM,6:00 AM,06405
QJ-9,04350,FUCCILLO FORD INC,E GREENBUSH,NY,8:00 AM,8:00 AM,12061
QJ-10,13304,CREST LINCOLN,WOODBRIDGE,CT,7:00 AM,7:00 AM,06525
QJ-11,03669,LOMBARD FORD INC,BARKHAMSTED,CT,8:00 AM,8:00 AM,06063
QJ-12,03234,MARCHESE FORD,NEW LEBANON,NY,9:00 AM,9:00 AM,12125
QJ-13,03678,PARK CITY FORD,BRIDGEPORT,CT,7:30 AM,7:30 AM,06606
QJ-14,03726,TORRINGTON FORD LINC,TORRINGTON,CT,7:30 AM,7:30 AM,06790
QJ-15,13111,JOHNSON DEALERSHIPS,PITTSFIELD,MA,7:00 AM,7:00 AM,01201
QJ-16,04166,MCMAHON FORD,NORWALK,CT,6:30 AM,6:30 AM,06851
QJ-17,06048,TASCA FORD,BERLIN,CT,7:00 AM,7:00 AM,06037
QJ-18,09740,STAMFORD FORD LINC,STAMFORD,CT,7:00 AM,7:00 AM,06902
